n_commits,nome,localidade
3349,TimGraham,USA
2802,AdrianHolovaty,Netherlands
1872,MalcolmTredinnick,Australia
1741,RussellKeith-Magee,Australia
1720,ClaudeParoz,Switzerland
1622,MariuszFelisiak,Poland
1399,AymericAugustin,France
895,JannisLeidel,Germany
893,JacobKaplan-Moss,USA
730,SimonCharette,canada
520,AlexGaynor,USA
497,LukePlant,en
487,RamiroMorales,Argentina
451,AndrewGodwin,USA
425,JonDufresne,canada
373,SergeyFedoseev,
354,AnssiKääriäinen,Finland
341,NickPope,en
335,GaryWilsonJr,USA
296,FlorianApolloner,
277,KarenTracey,
276,JustinBronn,
264,JamesBennett,
254,HasanRamezani,
247,AdamJohnson,
219,BaptisteMispelon,
213,CarlMeyer,
202,GeorgBauer,
195,JulienPhalip,
171,LoicBistuer,
158,DavidSmith,
150,BrianRosner,
146,SarahBoyce,
144,ChrisJerdonek,
144,MarkusHoltermann,
143,TimoGraham,
139,MarcTamlyn,
123,GabrielHurley,
111,JacobWalls,
101,Natalia,
98,MadsJensen,
93,ChrisBeaven,
93,IanKelly,
76,ShaiBerger,
75,PrestonHolmes,
74,FrançoisFreitag,
73,DavidWobrock,
73,MarcFargas,
71,BerkerPeksag,
70,PrestonTimmons,
68,CollinAnderson,
68,DavidSanders,
67,JosephKocherhans,
61,AlasdairNicol,
57,AdamChainz,
55,PaulMcMillan,
52,HannesLjungberg,
50,nessita,
47,KerynKnight,
46,SimonMeers,
46,TomForbes,
44,JarekZgoda,
44,JoshSmeaton,
44,WilsonMiner,
41,TomCarrick,
39,ErikRomijn,
38,HonzaKrál,
36,NicolaLarosa,
35,MartenKenbeek,
34,MattBoersma,
33,Akshesh,
33,AntonSamarchyan,
33,ThomasChaumeny,
32,DanielHahler,
30,AnubhavJoshi,
30,DanielWiesmann,
30,MichaelManfre,
30,SimonWillison,
30,sarahboyce,
29,IanFoote,
28,AndriySokolovskiy,
28,CliffordGama,
28,MatthiasKestenholz,
27,DanieleProcida,
26,BoukeHaarsma,
26,CurtisMaloney,
26,JoshSchneier,
25,AlexHill,
24,AdamZapletal,
23,EdMorley,
23,MoayadMardini,
23,PaoloMelchiorre,
22,JaapRoes,
22,JohannesHoppe,
22,KevinChristopherHenry,
22,MarceloGaligniana,
22,VilleSkyttä,
22,antoliny0919,
21,wrwrwr,
20,DonaldStufft,
20,Tom,
20,UnaiZalakain,
19,CaioAriede,
19,Paulo,
19,SrinivasReddyThatiparthy,
18,MattRobenolt,
18,MikeEdmunds,
17,FlavioCurella,
17,MarkusAmaltheaMagnuson,
17,MatthewSomerville,
17,RanBenita,
17,can,
16,BenCail,
16,MoritzSichert,
16,RiccardoMagliocchetti,
16,areski,
15,BendeguzCsirmaz,
15,ChrisLamb,
15,RaphaelMichel,
15,VajraskyKok,
15,VytisBanaitis,
15,ŁukaszLanga,
14,BasPeschier,
14,David,
14,GavinWahl,
14,LudvigEricson,
14,MartiRaudsepp,
14,MatthijsKooijman,
14,PeterInglesby,
14,TobiasKunze,
13,AlexanderGaevsky,
13,MatthewSchinckel,
13,elky,
13,sage,
13,ДилянПалаузов,
12,AndrewNester,
12,DaniloBargen,
12,GregChapple,
12,HrushikeshVaidya,
12,IanClelland,
12,IurideSilvio,
12,JorgeC.Leitão,
12,MichalPetrucha,
12,NickSandford,
12,PavełTyślacki,
12,WilliamSchwartz,
12,oliver,
11,AdTimmering,
11,AkashKumarSen,
11,DevilsAutumn,
11,FrancescoPanico,
11,Gagaro,
11,HonzaKral,
11,JohnParton,
11,JonJanzen,
11,SalvoPolizzi,
11,TomChristie,
11,YoongKangLim,
11,ZbigniewSiciarz,
11,mgaligniana,
10,AhmedNassar,
10,AlexanderLazarević,
10,BenLomax,
10,ChristopherMedrela,
10,DiegoGuimarães,
10,IamClinton,
10,MinhoKim,
10,PrzemysławSuliga,
10,RaffaeleSalmaso,
10,SusanTan,
10,ThomasGrainger,
10,eltronix,
9,AljosaMohorovic,
9,AndreiKulakov,
9,AttilaTovt,
9,DanielMusketa,
9,David-Wobrock,
9,HishamMahmood,
9,LoïcBistuer,
9,MaximeLorant,
9,NicolasNoé,
9,NikNyby,
9,OlaSitarska,
9,RenéFleschenberg,
9,TobiasBengfort,
9,TobiasMcNulty,
9,abhiabhi94,
9,manav014,
9,minusf,
8,DanielLindsley,
8,DanielPyrathon,
8,DanielRoseman,
8,DmitryDygalo,
8,DuncanParkes,
8,FabianBraun,
8,IanLee,
8,IdanGazit,
8,JakeHoward,
8,JarekGlowacki,
8,JoachimJablon,
8,JonasHaag,
8,JuanCatalano,
8,MarijkeLuttekes,
8,MateoRadman,
8,MattDeacalionStevens,
8,RobertoAguilar,
8,RyanAllen,
8,SaJH,
8,SageAbdullah,
8,SanyamKhurana,
8,TaiLee,
8,TimothyMcCurrach,
8,TomášEhrlich,
8,TreyHunner,
8,VlastimilZíma,
8,aruseni,
8,lufafajoshua,
8,shanghui,
7,AdnanUmer,
7,AllenJonathanDavid,
7,AndersKaseorg,
7,AntonBaklanov,
7,BrunoAlla,
7,Curtis,
7,DanielGreenfeld,
7,DanielHepper,
7,DavidCramer,
7,DavidDLowe,
7,DiederikvanderBoor,
7,GarryPolley,
7,IacopoSpalletti,
7,IlliaVolochii,
7,JaniTiainen,
7,KatieMcLaughlin,
7,KrzysztofJurewicz,
7,OlivierTabone,
7,RayAshmanJr,
7,RodolfoCarvalho,
7,SamirShah,
7,ThibaudColas,
7,TimSchilling,
7,TimothyAllen,
7,TomerChachamu,
7,VíðirValbergGuðmundsson,
7,chillaranand,
7,danielarios,
6,AlbertDefler,
6,AlexMorozov,
6,AlokikVijay,
6,AndreasPelme,
6,AndrewJesaitis,
6,AndyChosak,
6,CamiloNova,
6,ChrisWilson,
6,CoreyFarwell,
6,DanLoewenherz,
6,Daniyal,
6,FarhaanBukhsh,
6,FlorianHahn,
6,GiannisTerzopoulos,
6,HakiBenita,
6,HuuNguyen,
6,JacobRief,
6,JohannesMaron,
6,JonatasCD,
6,LilyFoote,
6,MaximeTurcotte,
6,Mitar,
6,NasirHussain,
6,Rik,
6,Rodrigo,
6,SenkoRasic,
6,SergeyFursov,
6,ShabdaRaaj,
6,Shubh1815,
6,TomekPaczkowski,
6,TravisSwicegood,
6,VinayKaranam,
6,XavierFernandez,
6,jpic,
6,tschilling,
5,AarniKoskela,
5,AhmadA.Hussein,
5,AlexeyBoriskin,
5,AndersonResende,
5,AndreuVallbona,
5,AndrewBrown,
5,AndrewMiller,
5,AndréEricson,
5,AntoineCatton,
5,AsifSaifuddinAuvi,
5,BaptisteDarthenay,
5,BenDavis,
5,BenjaminBach,
5,CHICheng,
5,ChinmoyChakraborty,
5,ChrisMuthig,
5,ChristopheHenry,
5,DavidFischer,
5,DavidHoffman,
5,DavidSzotten,
5,DenisCornehl,
5,DmitryMedvinsky,
5,DominicRodger,
5,FabioSangiovanni,
5,FrankWiles,
5,GabeJackson,
5,GeorgiYanchev,
5,Hasan,
5,JanPieterWaagmeester,
5,JarosławWygoda,
5,JasonMyers,
5,JeremyDunck,
5,JeremyLainé,
5,Jozef,
5,KevinMichel,
5,KrzysztofUrbaniak,
5,MarcGarcia,
5,MartinMatusiak,
5,MaryamYusuf,
5,MattWestcott,
5,MatthewWilkes,
5,MichaelAngeletti,
5,MikeFogel,
5,NicolasDelaby,
5,PatrykZawadzki,
5,PiotrJakimiak,
5,RigelDiScala,
5,Rob,
5,RyanCheley,
5,RyanKaskel,
5,SarahAbderemane,
5,SergeiMaertens,
5,SergeyKolosov,
5,StephanJaekel,
5,StephenBurrows,
5,Taoup,
5,TianyiWang,
5,TimHeap,
5,TimMartin,
5,TimPark,
5,TomaszWysocki,
5,VarunSharma,
5,ZanAnderle,
5,akki,
5,e0ne,
5,evildmp,
5,matiasb,
5,mlavin,
5,saJaeHyukc,
5,saeedblanchette,
5,tim-mccurrach,
5,zeyneloz,
5,ÉricAraujo,
4,007gzs,
4,Abhyudai,
4,AdamAlton,
4,AdamDonaghy,
4,AdonysAleaBoffill,
4,AkisKesoglou,
4,AlexAktsipetrov,
4,AmirKarimi,
4,AndrewGorcester,
4,AndrewNorthall,
4,AndrewPinkham,
4,Bakdolot,
4,BenjaminWohlwend,
4,BotondBeres,
4,BradSolomon,
4,BryanMarty,
4,CharlieDenton,
4,ChristopherAdams,
4,CodyScott,
4,DanWatson,
4,DavidBeitey,
4,DavidEvans,
4,DraženOdobašić,
4,FlorianDemmer,
4,FlávioJuvenal,
4,FrantisekHolop,
4,HarmGeerts,
4,HenryDang,
4,IainDawson,
4,IanWilson,
4,IngoKlöcker,
4,JamesAylett,
4,JonnyPark,
4,KlaasvanSchelven,
4,KonradŚwiat,
4,KrzysztofGogolewski,
4,LaurentTramoy,
4,LoekvanGent,
4,MarcEgli,
4,MarcGibbons,
4,Mariana,
4,MattBlack85,
4,Mehrdad,
4,MichaelBlatherwick,
4,MikeLissner,
4,NadègeMichel,
4,NealTodd,
4,NeerajKumar,
4,NikitaSobolev,
4,OsaetinDaniel,
4,PabloMouzo,
4,PawełMarczewski,
4,PhilippBosch,
4,RaphaëlHertzog,
4,RichardEames,
4,RinatKhabibiev,
4,RohithPR,
4,ShreyaBamne,
4,SilvanSpross,
4,SjoerdJobPostmus,
4,SrinivasReddyThatiparthy(శ్రీనివాస్రెడ్డితాటిపర్తి),
4,StefanBrand,
4,SylvainFankhauser,
4,SébastienFievet,
4,ThomasGüttler,
4,ThomasTanner,
4,VaarunSinha,
4,VincenzoPandolfo,
4,WillemVanOnsem,
4,WuHaotian,
4,YashSaini,
4,YohanBoniface,
4,YusukeMiyazaki,
4,aryan,
4,ersran9,
4,hesham942,
4,maurycyp,
4,nabil-rady,
4,orlnub123,
4,sobolevn,
3,AbhayaAgarwal,
3,AdamBogdał,
3,AlexMorega,
3,AlexdeLandgraaf,
3,AlexanderHolmbäck,
3,AlexanderSosnovskiy,
3,AlvinLindstam,
3,AndersHovmöller,
3,AndreiAntoukh,
3,Andrew,
3,AndrewKuchev,
3,AnthonyJoseph,
3,AntonDanilchenko,
3,AntonI.Sipos,
3,Anv3sh,
3,ArkadiuszAdamski,
3,AronPodrigal,
3,ArturBeltsov,
3,AtulVarma,
3,AviralDasgupta,
3,BasWesterbaan,
3,BenSpaulding,
3,BenjyWeinberger,
3,BojanMihelac,
3,BradWalker,
3,BrunoRenié,
3,BryanVeloso,
3,CarlWorth,
3,CarlesPinaEstany,
3,ChillarAnand,
3,ChristopherLuc,
3,DanSwain,
3,DanielFairhead,
3,DanielIzquierdo,
3,DanieleVarrazzo,
3,DavidGibbons,
3,DavidVaz,
3,DejanNoveski,
3,DevinCox,
3,Dhanush,
3,DheerendraRathor,
3,DuaneHilton,
3,DurvalCarvalho,
3,EminMastizada,
3,EricRouleau,
3,EtienneChové,
3,ÉtienneBeaulé,
3,FabrizioEttoreMessina,
3,FedericoJaramilloMartínez,
3,FelipeLee,
3,FlorisdenHengst,
3,FranciscoCouzo,
3,GabbyPrecious,
3,GabrielMuñumel,
3,GappleBee,
3,GeorgeMarshall,
3,GiannisAdamopoulos,
3,Giebisch,
3,GrzegorzNosek,
3,GrzegorzSlusarek,
3,GuillaumePannatier,
3,HarryMoreno,
3,HorstGutmann,
3,HugoOsvaldoBarrera,
3,JacekBzdak,
3,JackCushman,
3,JacobBurch,
3,JakubGocławski,
3,JamesBeith,
3,JanBednařík,
3,JanSzoja,
3,JeremySatterfield,
3,JeroenDekkers,
3,JezenielZapanta,
3,JoeriBekker,
3,JohannesDollinger,
3,John-ScottAtlakson,
3,JonMoroney,
3,JonRibbens,
3,JordanBae,
3,JustinMichalicek,
3,KaiFeldhoff,
3,KetanBhatt,
3,KevinMarsh,
3,KonstantinAlekseev,
3,LexBerezhny,
3,Luoxzhg,
3,MalcolmBox,
3,ManatsawinHanmongkolchai,
3,MariaHynes,
3,MarkusBertheau,
3,MartinBlech,
3,MartinBrochhaus,
3,MatheusCunhaMotta,
3,MattiasLoverot,
3,Michael,
3,MichaelScott,
3,MichalČihař,
3,MichałGórny,
3,MichałModzelewski,
3,MichielBeijen,
3,MikeGrouchy,
3,MikeHansen,
3,MorganAubert,
3,MounirMesselmeni,
3,My-Name-Is-Nabil,
3,NickMartini,
3,NiclasOlofsson,
3,NicolasLupien,
3,NinaMenezes,
3,NotCarl,
3,OlexanderYermakov,
3,OliverSauder,
3,PavelDedik,
3,PavelSavchenko,
3,PetrasZdanavičius,
3,PhilipJames,
3,PietDelport,
3,PiotrKunicki,
3,PrabakaranKumaresshan,
3,RainerKoirikivi,
3,RamRachum,
3,RamilYanbulatov,
3,RaphaelGaschignard,
3,RaphaelMerx,
3,RustSaiargaliev,
3,RyanHiebert,
3,RyanNowakowski,
3,SambhavSatija,
3,SeanWang,
3,SebastianSangervasi,
3,ShafiyaAdzhani,
3,ShipengFeng,
3,SirAbhi13,
3,SrinivasThatiparthy(శ్రీనివాస్తాటిపర్తి),
3,StanislasGuerra,
3,Swara,
3,SwastikTripathi,
3,TainaraPalmeira,
3,TheoAlexiou,
3,TiesJanHefting,
3,TobiasKrönke,
3,TomDyson,
3,TomV,
3,TommyBeadle,
3,VasiliyFaronov,
3,Vincent-Vega,
3,VishalLal,
3,WiktorKolodziej,
3,WilfredHughes,
3,WimFeijen,
3,Windsonyang,
3,Y3K,
3,YanMitrofanov,
3,arjunomray,
3,aspalding,
3,bphillips,
3,hashlash,
3,inondle,
3,jtiai,
3,kapilgarg,
3,krishbharadwaj,
3,medmunds,
3,mendespedro,
3,mimi89999,
3,ontowhee,
3,orf,
3,ovalseven8,
3,priyanshsaxena,
3,sag᠎e,
3,sai-ganesh-03,
3,sdolemelipone,
3,starryrbs,
3,swatantra,
3,th3nn3ss,
3,twidi,
3,userimack,
3,wookkl,
3,za,
3,ÖmerFarukAbacı,
2,007,
2,0saurabh0,
2,AaronElliotRoss,
2,AaronFrance,
2,Abhijeet,
2,AbhijeetViswa,
2,AbhishekBera,
2,AdamAvramov,
2,AdamBrenecki,
2,AdamTaylor,
2,AdrianTorres,
2,AfiMaameDufie,
2,AhmetKucuk,
2,AkashAgrawal,
2,AlbertWang,
2,AleksandraSendecka,
2,AleksejManaev,
2,Alex,
2,AlexStovbur,
2,AlexVandiver,
2,Alexander,
2,AlexanderAllakhverdiyev,
2,AlexanderLyabah,
2,AlexanderSchrijver,
2,AlexanderShchapov,
2,AlexanderTodorov,
2,AlexandrTatarinov,
2,AlexandreSpaeth,
2,Alexey,
2,AlexeyKotlyarov,
2,AlexeyOpalev,
2,AliMirlou,
2,AliVakilzade,
2,AmosOnn,
2,AnaBalica,
2,AnaKrivokapic,
2,AndreasHug,
2,AndreiFokau,
2,AndrewArtajos,
2,AndrewBadr,
2,AndreyKuzmin,
2,AndreyOtto,
2,AnilKhatri,
2,Ankur,
2,AntonStrogonoff,
2,AntonisChristofides,
2,AnžePečar,
2,AricCoady,
2,ArneBrodowski,
2,ArnedeLaat,
2,AudreyRoy,
2,AyushJoshi,
2,B.J.Potter,
2,BasilDubyk,
2,BayleeFeore,
2,BenDemboski,
2,BenKraft,
2,BernhardM.Wiedemann,
2,Bhuvnesh,
2,Bibhas,
2,BlakeGriffith,
2,BoMarchman,
2,BonaFideITGmbH,
2,BorisBurkov,
2,Brad,
2,BradMelin,
2,BrandonChinn,
2,BrentO'Connor,
2,BrentonCleeland,
2,BrettKoonce,
2,BrianGaley,
2,BrianHelba,
2,Brock,
2,BryanHelmig,
2,BrylieChristopherOxley,
2,BuddyLindseyJr,
2,CandideU,
2,ChaitanyaRahalkar,
2,ChandrakantKumar,
2,ChasonChaffin,
2,CheukTingHo,
2,ChiaraMezzavilla,
2,Chiemezuo,
2,ChrisBailey,
2,ChrisCogdon,
2,ChrisSinchok,
2,ChrisStreeter,
2,ChristianClauss,
2,ChristophSchindler,
2,ChristopherCave-Ayland,
2,ChristopherGrebs,
2,ChristopherWang,
2,ChristosKopanos,
2,ClairePhila,
2,CoenvanderKamp,
2,ColmO'Connor,
2,CraigSmith,
2,CsirmazBendegúz,
2,Damien,
2,DanJohnson,
2,DanMoore,
2,DanPalmer,
2,DanSears,
2,DanielBoeve,
2,DanielFMoisset,
2,DanielHillier,
2,DanielJilg,
2,DanielRice,
2,DanielTao,
2,DaveHall,
2,DavidChorpash,
2,DavidFoster,
2,DavidSeddon,
2,DavidWiniecki,
2,DavideCeretti,
2,DemurNodia,
2,DmitryShachnev,
2,DominiqueBischof,
2,DonKirkby,
2,DougBeck,
2,Dulmandakh,
2,DylanVerheul,
2,EbramShehata,
2,EdisonWang,
2,EdwardHenderson,
2,EgidijusMacijauskas,
2,ElianaRosselli,
2,EmilStenström,
2,EmreYilmaz,
2,EricBoersma,
2,EricPalakovichCarr,
2,EricTheise,
2,ErikCederstrand,
2,EvanGrim,
2,F.Malina,
2,FabioBonelli,
2,FabioNatali,
2,FedericoBond,
2,FedericoCapoano,
2,FedericoFrenguelli,
2,FilipaAndrade,
2,FlorianPerucki,
2,Fredrik,
2,GabrielAugendre,
2,GaganDeep,
2,GavO'Connor,
2,GeorgeSong,
2,George-CristianBîrzan,
2,GilbertoGonçalves,
2,GildardoAdrianMaravillaJacome,
2,GirishSontakke,
2,GordonPendleton,
2,GregBrown,
2,GregKaleka,
2,GregTwohig,
2,GregorGärtner,
2,GregorJerše,
2,GrzegorzRożniecki,
2,GuilhermeMartinsCrocetti,
2,Harry,
2,HeathHenley,
2,HelenST,
2,HelenSherwood-Taylor,
2,HirokiKIYOHARA,
2,HirokiKiyohara,
2,HollyBecker,
2,HugoCachitas,
2,IchlasulAffan,
2,IkkoAshimine,
2,InvalidInterrupt,
2,IonAlberdi,
2,IonScerbatiuc,
2,IvorBosloper,
2,JackAitken,
2,JakubWilk,
2,JanPazdziora,
2,JannisVajen,
2,JavedKhan,
2,JavierMansilla,
2,JayCox,
2,JayPatel,
2,Jeff,
2,JeffWillette,
2,JensenCochran,
2,JeremyBowman,
2,JeremyThompson,
2,JiangHaiyun,
2,JimmyAngelakos,
2,JohnBowen,
2,JohnMoses,
2,JohnPaulett,
2,JonLønne,
2,JonasLundberg,
2,JorgeBastida,
2,JosephVictorZammit,
2,JoshSantos,
2,JoshuaCannon,
2,JoshuaKehn,
2,JoshuaMassover,
2,JoshuaPereyda,
2,JoshuaPhillips,
2,JoséL.Patiño,
2,JoséPadilla,
2,JuanPedroFisanotti,
2,JulianBez,
2,JureSlak,
2,JustinHamade,
2,KaiRichardKoenig,
2,KamilTurek,
2,KarlHobley,
2,KarolSikora,
2,KathrynKillebrew,
2,Kaustubh,
2,Keda87,
2,KeithEdmiston,
2,KenWhitesell,
2,Kenneth,
2,KevanSwanberg,
2,KonradHałas,
2,KostochkoDmitriy,
2,LarryBrid,
2,LeeReilly,
2,Leila20,
2,Leo,
2,LeviGross,
2,Ling-XiaoYang,
2,LorenzoPeña,
2,LucasConnors,
2,Lucidiot,
2,LudwikTrammer,
2,LuisDelGiudice,
2,LukaszBalcerzak,
2,MSomerville,
2,MacChapman,
2,MalteBeckmann,
2,ManavAgarwal,
2,MarcinBiernat,
2,MarcinSokół,
2,MarekWywiał,
2,MarianoRezk,
2,MarkGensler,
2,MarkLavin,
2,MarkWalker,
2,MathijsdeBruin,
2,MatjazGregoric,
2,MattJohnson,
2,MattSeymour,
2,MattStevens,
2,MattWiens,
2,MatthewMadurski,
2,MatthewRich,
2,MatthewTretter,
2,MattiaProcopio,
2,MaxBurstein,
2,MaximMilovanov,
2,MaximPiskunov,
2,Md.SadafNoor,
2,MelvynSopacua,
2,MichaelHall,
2,MichaelHowitz,
2,MichaelKelly,
2,MichaelSchwarz,
2,MichałPasternak,
2,MichelLeBihan,
2,MikeJohnson,
2,MikhailDenisenko,
2,MikkelMunchMortensen,
2,MykolaKokalko,
2,NathanGaberel,
2,NathanSmith,
2,NgZhiAn,
2,NgalimSiregar,
2,NickBruun,
2,NickFrazier,
2,NickJohnson,
2,NickSmith,
2,NickTouran,
2,NiclasÅhdén,
2,NielsVanOch,
2,NikolausSchlemm,
2,NoenglishProfessorbut,
2,Octavio,
2,OlivierLeThanhDuong,
2,Pablo,
2,PabloRecio,
2,PanagiotisH.M.Issaris,
2,ParthVerma,
2,PatrickArminio,
2,PatrikSletmo,
2,PauloAlvarado,
2,PavelKulikov,
2,PedroMaltez,
2,PedroMourelle,
2,PeterHarley,
2,PeterSchmidt,
2,PetterFriberg,
2,PetterStrandmark,
2,PhaneendraChiruvella,
2,PiperMerriam,
2,PyieZone,
2,QileWang,
2,R3v1L,
2,RachelTobin,
2,RajDesai,
2,RajeshVeeranki,
2,RaminFarajpourCami,
2,RamonSaraiva,
2,RaulCumplido,
2,RenatoOliveira,
2,RivoLaks,
2,RockyMeza,
2,RogerHu,
2,Rohit,
2,Rolo,
2,RomainGarrigues,
2,Roxane,
2,RudyMutter,
2,RyanHeard,
2,RyanPKilby,
2,SaeX,
2,ScottPashley,
2,SelwinOng,
2,ShrikrishnaSingh,
2,Shubhamsingh,
2,Siburg,
2,SigurdLjødal,
2,SihSîng-hông薛丞宏,
2,SimonePellizzari,
2,Sjbrgsn,
2,Sky,
2,Smile,
2,SondreLillebøGundersen,
2,StanislavKarpov,
2,Steadman,
2,StefanR.Filipek,
2,StefanSchneider,
2,StefanWehrmeyer,
2,StephenJames,
2,StevenDas,
2,StratosMoros,
2,SulabhKatila,
2,Sultan,
2,SusanTan,
2,SylvainBellemare,
2,SzczepanCieślik,
2,SzilveszterFarkas,
2,SævarÖfjörðMagnússon,
2,SławekEhlert,
2,TakayukiHirayama,
2,TheofilosAlexiou,
2,ThibautDecombe,
2,ThomasOrozco,
2,ThomasSchreiber,
2,ThomasSorrel,
2,ThomasThurman,
2,TimBaxter,
2,TimBell,
2,TimGates,
2,TomInsam,
2,TomScrace,
2,TomasMcNamer,
2,TomaszRybak,
2,TysonClugg,
2,Tzu-pingChung,
2,UlrichPetri,
2,ValentinaMukhamedzhanova,
2,VibhuAgarwal,
2,VictorOliveiradaSilva,
2,Viicos,
2,ViktorLomakin,
2,VirtosuBogdan,
2,VishvajitPathak,
2,VojtechBocek,
2,VyacheslavVer,
2,WillHardy,
2,YamilaMoreno,
2,Yash,
2,YashRaj1506,
2,YigitGuler,
2,YinJifeng,
2,YoungkwangYang,
2,Youssef,
2,YuriKonotopov,
2,ZachBorboa,
2,ZachLiuGIS,
2,ZainabAmir,
2,ZhaorongMa,
2,alexgmin,
2,alosultan,
2,amirrezasohrabifar,
2,an0o0nym,
2,anabelensc,
2,andrewnester,
2,anthonykugel,
2,arniu,
2,belegnar,
2,caleblogan,
2,cheng,
2,coagulant,
2,darkryder,
2,davidchorpash,
2,dbxnr,
2,devilsautumn,
2,django-bot,
2,donghao,
2,dr-rompecabezas,
2,erosselli,
2,evananyonga,
2,garwoodpr,
2,girishsontakke,
2,glts,
2,greg,
2,huishang,
2,humbertotm,
2,ieatkittens,
2,jkrzy,
2,jpribyl,
2,julien'pouete'Godin,
2,kalombo,
2,kingbuzzman,
2,knbk,
2,konarkmodi,
2,koresi,
2,leandrafinger,
2,levental,
2,lucasesposito,
2,luto,
2,luzpaz,
2,martin.bohacek,
2,mentix02,
2,mlissner,
2,monotonee,
2,nklas,
2,petedmarsh,
2,pp,
2,priyank.panchal,
2,qingfeng,
2,ravikunwar,
2,redodo,
2,rixx,
2,romgar,
2,rsiemens,
2,samruddhiDharankar,
2,sanjeevholla26,
2,sarthakmeh,
2,sharonwoo,
2,snowman2,
2,sreehari1997,
2,ssanger,
2,sujayskumar,
2,suraj,
2,tell-k,
2,tommcn,
2,valtron,
2,vinaykaranam,
2,wdmgsm,
2,wimglenn,
2,zedr,
2,zsoldosp,
2,ÉtienneLoks,
2,КайратМакым,
2,якотикпур-пур,
2,ᴙɘɘᴙgYmɘᴙɘj,
2,朱穆穆,
2,薛丞宏,
1,4the4ryushin,
1,9r0k,
1,=PratikKumar,
1,AK,
1,APJama,
1,AakashSingh,
1,AaronCannon,
1,AaronChong,
1,AaronLinville,
1,AbdullahDursun,
1,AbdulrahmanAlotaibi,
1,AbeerUpadhyay,
1,AbhinavPatil,
1,AbhinavYadav,
1,AbhishekGautam,
1,AbhishekGhaskata,
1,AbrahamMartin,
1,AdamAllred,
1,AdamChidlow,
1,AdamDePue,
1,AdamDobrawy,
1,AdamHaney,
1,AdamKaliński,
1,AdamMalinowski,
1,AdamRadwon,
1,AdamWentz,
1,AdamWester,
1,AdamWróbel,
1,AdamZahradník,
1,AdeLee,
1,AdiMukherjee,
1,AditBiswas,
1,AdityaChaudhary,
1,AdrianAndreias,
1,AdrianD'Alessandro,
1,Adrien,
1,AdrienBrunet,
1,AdrienLemaire,
1,AdrienneFranke,
1,AfrizaN.Arief,
1,AgnieszkaLasyk,
1,AhisaharPretel,
1,AhmedMohamed,
1,AivarsKalvans,
1,AjmalPonneth,
1,AkselEthem,
1,Akshat1Nar,
1,AlainIVARS,
1,AlanCrosswell,
1,AlanD.Snow,
1,AlbertoAvila,
1,AlbertoPlanas,
1,AlbertoSottile,
1,AldianFazrihady,
1,AlejandroDubrovsky,
1,AlejandroGómez,
1,AlejandroSánchez,
1,AlejandroZamora,
1,AleksanderBudzinski,
1,AleksanderMilinkevich,
1,AleksandrSafonov,
1,AleksandraTarkowska,
1,Aleksey,
1,AleksiHäkli,
1,AlessandroBaccini,
1,AlexBecker,
1,AlexCouper,
1,AlexCucu,
1,AlexDutton,
1,AlexFischer,
1,AlexHayward,
1,AlexHunley,
1,AlexOgier,
1,AlexScott,
1,AlexShaindlin,
1,AlexSimonides,
1,AlexTomic,
1,AlexVidal,
1,AlexWilson,
1,AlexCLeduc,
1,AlexanderFilimonov,
1,AlexanderFreyrL,
1,AlexanderKavanaugh,
1,AlexanderKerkum,
1,AlexanderLötvall,
1,AlexanderRudakov,
1,AlexanderSchepanovski,
1,AlexanderSchulze,
1,AlexandrShurigin,
1,AlexandrePocquet,
1,AlexandreVaras,
1,AlexandruMărășteanu,
1,Alexerson,
1,AlexeyEfimov,
1,AlexeyNigin,
1,AlexeyRogachev,
1,AlexeySveshnikov,
1,AlexeyVoronov,
1,AlexisAthlani,
1,Alexkane,
1,AlfredPerlstein,
1,AliToosi,
1,AliGhotbizadeh,
1,AliaksandrSemianiuk,
1,Alisson,
1,Alix,
1,AlixMartineau,
1,AljažKošir,
1,AllanFeldman,
1,AllenTimothy,
1,AllyWeir,
1,Almad,
1,AlmazKunpeissov,
1,AmanPandey,
1,AmanSharma,
1,AmankumarSingh,
1,AminShahGilani,
1,Amine,
1,AmineYaiche,
1,AmirAjorloo,
1,AmirHadi,
1,AnaVojnovic,
1,AnaelMobilia,
1,AnatolUlrich,
1,AnatolyBurov,
1,AndersEinarHilden,
1,AndersSteinlein,
1,AndiAlbrecht,
1,AndraDenisIonescu,
1,AndreCruz,
1,AndreaCrotti,
1,AndreaGrandi,
1,AndreaRabbaglietti,
1,Andreas,
1,AndreasDamgaardPedersen,
1,AndreasDickow,
1,AndreasMadsack,
1,AndreasStocker,
1,AndreiPicus,
1,AndreiShabanski,
1,AndrewAbraham,
1,AndrewClark,
1,AndrewCordery,
1,AndrewHarris,
1,AndrewNeitsch,
1,AndrewPlummer,
1,AndrewTorpedov,
1,Andrew-Chen-Wang,
1,AndrewsMedina,
1,AndreyAntukh,
1,AndreyDoroschenko,
1,AndreyFedoseev,
1,AndreyKostakov,
1,AndreyKuzminov,
1,AndreyMaslov,
1,AndriiKohut,
1,AndriiSoldatenko,
1,AndrzejBartosiński,
1,AndrzejPragacz,
1,AndréCruz,
1,AndrésReverónMolina,
1,AndyCraze,
1,AndyDirnberger,
1,AndyMcKay,
1,Anentropic,
1,AngelineTan,
1,AngusHolder,
1,AnkurGupta,
1,AnoopThomasMathew,
1,AntoineCheneau,
1,AntoineFontaine,
1,AntoineLorence,
1,Anton,
1,AntonBazhanov,
1,AntonNovosyolov,
1,AntonioDudarev,
1,AntonioGarcia-Dominguez,
1,AnttiHirvonen,
1,Anupam,
1,AnveshMishra,
1,AriPollak,
1,Arian,
1,AristotelisMikropoulos,
1,ArnaldoGovenem,
1,ArnaudLimbourg,
1,ArpanaMehta,
1,Arsa,
1,ArslanNoor,
1,ArtemKosenko,
1,ArtemRizhov,
1,ArtemTabolin,
1,ArthurJovart,
1,ArthurMoreira,
1,ArthurRio,
1,ArthurSilva,
1,ArthurVuillard,
1,ArtisAvotins,
1,ArturBarseghyan,
1,ArturFrysiak,
1,ArturJuraszek,
1,Ashaba,
1,AshwinDharne,
1,Astral,
1,Athena,
1,AustinSimmons,
1,Author:MadsJensen,
1,Author:NickPope,
1,AvaneeshKumar,
1,AxelHaustant,
1,AxelHecht,
1,AyushBansal,
1,AyushBisht,
1,Ayushkhatri,
1,Azat,
1,BabakMahmoudy,
1,BaeKwonHan,
1,BangDao+TamHuynh,
1,BartekCiszkowski,
1,BarthelemyDagenais,
1,BartoloméSánchez,
1,BartonIp,
1,BartoszGrabski,
1,BasharAl-Abdulhadi,
1,BastienVallet,
1,BatisteBieler,
1,BatuhanTaşkaya,
1,BeckaR,
1,BeckySmith,
1,BenCardy,
1,BenFalk,
1,BenFirshman,
1,BenHuckvale,
1,BenKonrath,
1,BenLi-Sauerwine,
1,BenLongden,
1,BenMenesini,
1,BenMuschol,
1,BenReilly,
1,BenSturmfels,
1,BenWelsh,
1,BenWilber,
1,BenWilkins,
1,BenjaminKagia,
1,BenjaminPeterson,
1,BenjaminWoodruff,
1,BenoîtVinot,
1,BeomsooKim,
1,BernardoPires,
1,BerndWechner,
1,BertrandBordage,
1,BeryCZ,
1,BeshrKayali,
1,BielFrontera,
1,BipinSuresh,
1,BjornKristinsson,
1,BoLopker,
1,BobMcDonald,
1,BobRenwick,
1,BogdanMateescu,
1,Boo,
1,BoryslavLarin,
1,BotondBéres,
1,BozidarBenko,
1,BradPitcher,
1,BrandonAdams,
1,BrandonTaylor,
1,BrendaJ.Butler,
1,BrendanHayward,
1,BrendanMacDonell,
1,BrendonCrawford,
1,BrentonPartridge,
1,BrettCannon,
1,BrettHaydon,
1,BrianGianforcaro,
1,BrianHoldefehr,
1,BrianKing,
1,BrianScoles,
1,Brightcells,
1,Brobin,
1,Browniebroke,
1,BruceCutler,
1,BrunoFurtado,
1,BrunoRibeirodaSilva,
1,BryceNesbitt,
1,BukBukowski,
1,BulgantamirGankhuyag,
1,BurakKadirEr,
1,BurhanuddinBaharuddin,
1,CaitlinHogan,
1,CalebSmith,
1,CalvinDeBoer,
1,CalvinJeong,
1,CameronCurry,
1,CammilTaank,
1,CanSarigol,
1,CanSargöl,
1,CarlesPina,
1,CarlesPinaiEstany,
1,CarlosPalol,
1,CarnyCheng,
1,Carolina,
1,CarolineSimpson,
1,CarsonGee,
1,CauêThenório,
1,CeesjanLuiten,
1,CerebroCerberus,
1,CesarCanassa,
1,ChadShryock,
1,ChadWhitman,
1,CharlesDeeRice,
1,ChenyangYan,
1,ChescoIgual,
1,Chinmoy,
1,ChrisAdams,
1,ChrisAdkins,
1,ChrisBainbridge,
1,ChrisBarna,
1,ChrisBurchhardt,
1,ChrisFrisina,
1,ChrisHasbrouck,
1,ChrisKhoo,
1,ChrisLawlor,
1,ChrisMay,
1,ChrisMcCollister,
1,ChrisMcDonald,
1,ChrisSchur,
1,ChrisWedgwood,
1,ChristianBarcenas,
1,ChristianBundy,
1,ChristianKlus,
1,ChristianLedermann,
1,ChristianMetts,
1,ChristianSchmitt,
1,ChristianvonRoques,
1,ChristophHeer,
1,ChristophSieghart,
1,ChristophZwerschke,
1,ChristopheBaldy,
1,ChristopheMehay,
1,ChristophePettus,
1,ChristopherAllen-Poole,
1,ChristopherBabiak,
1,ChristopherGJohnson,
1,ChristopherKeith,
1,ChristopherSchäpers,
1,ChristosKontas,
1,Chronial,
1,CiaranMcCormick,
1,ClairePritchard,
1,ClaudioCatterina,
1,CleitonLima,
1,CleitondeLima,
1,ClemensWolff,
1,ClémentMangin,
1,Clumart.G,
1,ClémentEscolano,
1,ColeD,
1,ColeMaclean,
1,ColinWood,
1,Collederas,
1,ColleenDunlap,
1,CollinStedman,
1,ColtonHicks,
1,ConradKramer,
1,CosmicProcess,
1,CraigBlaszczyk,
1,CraigOldford,
1,CraigdeStigter,
1,Cristiano,
1,CristobalMackenzie,
1,CruxBox,
1,DaanVielen,
1,DakotaHawkins,
1,DaleyChetwynd,
1,DamianDimmich,
1,DamianPosener,
1,DamienBaty,
1,DamienNozay,
1,DanDavis,
1,DanFellin,
1,DanGlass,
1,DanJacob,
1,DanStephenson,
1,DanStrokirk,
1,DanTao,
1,DanWilson,
1,DanielBowring,
1,DanielChimeno,
1,DanielD.Beck,
1,DanielEbrahimian,
1,DanielGarciaMoreno,
1,DanielHarding,
1,DanielHones,
1,DanielIvanov,
1,DanielLanger,
1,DanielMiller,
1,DanielNeuhäuser,
1,DanielPatrick,
1,DanielQuinn,
1,DanielSokolowski,
1,Daniil,
1,DaniloAlexandrino,
1,DaniyalAbbasi,
1,DariaKolodzey,
1,DaveHodder,
1,DaveSmith,
1,DavidArcos,
1,DavidBannon,
1,DavidBarragánMerino,
1,DavidBinetti,
1,DavidBuhler,
1,DavidD.Riddle,
1,DavidDanier,
1,DavidKrisch,
1,DavidRobles,
1,DavidWolever,
1,DavitGachechiladze,
1,DayBarr,
1,DeanSilfen,
1,DeepSukhwani,
1,DeepakDinesh,
1,DeniBertovic,
1,Denis,
1,DenisAfonso,
1,DenisMoskalets,
1,DenisRouzaud,
1,DenisSkulimovskiy,
1,DenisStebunov,
1,DennisSchwertel,
1,DenysDuchier,
1,DerekJ.Curtis,
1,DericCrago,
1,DerrickJackson,
1,DevinMork,
1,DhruvaPatil98,
1,DianeDeMersChen,
1,DiegoLima,
1,DiegoMartín,
1,DimaKudosh,
1,DimaKurguzov,
1,DimaVeselov,
1,Dingning,
1,DmitriySintsov,
1,Dmitro,
1,Dmitry,
1,DmitryGladkov,
1,DmitryS..ky/skype:dvska-at-skype,
1,DmitryShevchenko,
1,DohyeonKim,
1,DolanAntenucci,
1,Dominik,
1,DonSpaulding,
1,DonggiJung,
1,Dori,
1,DotanAgmon,
1,DougHarris,
1,DouweOsinga,
1,Dr.ShubhamDipt,
1,DragoonAethis,
1,DraženLučanin,
1,DuarteFernandes,
1,Dulalet,
1,Dunedan,
1,DustinNeighly,
1,DwightGunning,
1,EdBartosh,
1,EdHenderson,
1,EdRivas,
1,EdinSarajlic,
1,EduardStepanov,
1,EduardoAldairAhumadaGarciaJurado,
1,EduardoCeretoCarvalho,
1,EdvinasJurevicius,
1,EdwarBaron,
1,EdwardD'Souza,
1,EdwardTjörnhammar,
1,EgorSemiguzov,
1,EkaterinaVahrusheva,
1,ElenaOat,
1,ElenaWilliams,
1,Eli,
1,EliBendersky,
1,EliezerKanal,
1,ElifT.Kus,
1,ElizabethU,
1,Ellen,
1,EmadMokhtar,
1,EmanuelAndrecut,
1,Emmanuel,
1,EmmanuelKatchy,
1,EmmanuelleDelescolle,
1,EndersonMenezes,
1,EnekoIllarramendi,
1,EnricoEhrhardt,
1,EricBlum,
1,EricBrandwein,
1,EricCarrillo,
1,EricDavis,
1,EricFlorenzano,
1,EricHolscher,
1,EricUrban,
1,EricaPisani,
1,ErinKelly,
1,ErwinJunge,
1,EsauRodriguez,
1,EugeneHatsko,
1,EugeneMorozov,
1,EvanCarmi,
1,EvanPalmer,
1,EvrimÇabuk,
1,EyalCherevatsky,
1,Fab,
1,FabianBüchler,
1,FabianSchindler,
1,FabioC.BarrionuevodaLuz,
1,FabioRueda,
1,FaheelAhmad,
1,Farhan,
1,FernandoMiranda,
1,FerranJovell,
1,FilipLajszczak,
1,FilipŁajszczak,
1,FizaAshraf,
1,FlorianZimmermann,
1,FranHrzenjak,
1,FranciscoAlbarran,
1,FranciscoCapdevila,
1,FranckMichea,
1,FrankTobia,
1,FrankieRobertson,
1,FrançoisDupayrat,
1,FrançoisGranade,
1,FredericMheir,
1,FrédéricMassart,
1,GS-14,
1,GabrielGrant,
1,GabrielNickPivovarov,
1,GabrieleGiaccari,
1,GarrisonBenson,
1,GaryDonovan,
1,GaryJarrel,
1,GastónAvila,
1,GaëlUtard,
1,Gen1us2k,
1,GeorgSauthoff,
1,GeorgeBrocklehurst,
1,GeorgeHickman,
1,GeorgeY.Kussumoto,
1,GertBurger,
1,GertVanGool,
1,GhostThrone,
1,GianpaoloBranca,
1,GilForcadaCodinachs,
1,GilesRichardGreenway,
1,GiovanniFabbretti,
1,GlenRobertson,
1,Glenn,
1,Goetz,
1,GraceHawkins,
1,GrahamDumpleton,
1,GrahamHealy,
1,GrahamUllrich,
1,GrammyJiang,
1,GrantJenks,
1,GregorMacGregor,
1,GregoryN.Schmit,
1,GrzegorzTężycki,
1,GrégoireROCHER,
1,GrégoryStarck,
1,GuilhermeGondim,
1,GuillermoBonvehí,
1,GwynBleidD,
1,HaikoSchol,
1,HajimeNakagami,
1,HalilKaya,
1,HalitAlptekin,
1,HameedGifford,
1,HampusDunström,
1,HangPark,
1,HannesStruss,
1,HansAarneLiblik,
1,HansLawrenz,
1,HaolunChai,
1,HappyDingning,
1,HarisIbrahimK.V,
1,HarpreetSharma,
1,Harrison88,
1,HarshaVardhanV,
1,HemanthV.Alluri,
1,HenkKahlfuß,
1,HenkVos,
1,HenryJordan,
1,HerHde,
1,HerbertParentesFortesNeto,
1,HerbertPoul,
1,HermanS,
1,HernanLozano,
1,HielkeWalinga,
1,HieuPham9720,
1,HimanshuChauhan,
1,HimanshuLakhara,
1,Himanshu-Balasamanta,
1,HowardCox,
1,Hrushikesh,
1,HuangZhiqiang,
1,HunterRichards,
1,HynekCernoch,
1,HyunTaeHwang,
1,HyunwooPark,
1,INADANaoki,
1,IainWatts,
1,IanWootten,
1,IgorFernandes,
1,IgorGumenyuk,
1,IgorScheller,
1,IgorStarikov,
1,IgorTokarev,
1,IgorTámara,
1,IliaPeterov,
1,IljaMaas,
1,IlyaBaryshev,
1,IlyaBass,
1,ImranIqbal,
1,IonuțCiocîrlan,
1,Ipakeev,
1,IrinduIndeera,
1,Ismael,
1,IsmailBadawi,
1,IssacKelly,
1,IuliaChiriac,
1,Ivan,
1,IvanSagalaev,
1,IvanTsouvarev,
1,IvánCamiloTriviñoLópez,
1,IzzyHyman,
1,J.V.Zammit,
1,Jack,
1,JackLinke,
1,JackieLeng,
1,JacobGreen,
1,JacobHaslehurst,
1,JacobR.Rothenbuhler,
1,JaimeIrurzun,
1,JaimeTerreu,
1,JakubBagiński,
1,JakubPaczkowski,
1,JakubRoztocil,
1,JakubSzafrański,
1,JamesBligh,
1,JamesBrewer,
1,JamesDoherty,
1,JamesGillard,
1,JamesJenkins,
1,JamesOstrander,
1,JamesPulec,
1,JamesRobert,
1,JamesTauber,
1,JamesThorniley,
1,JamesTimmins,
1,JamesTurk,
1,JamesTurley,
1,JamieMatthews,
1,JanBöcker,
1,JanSchär,
1,JangHyukJin,
1,JannKleen,
1,Jannis,
1,JarekPacocha,
1,JarrettKeifer,
1,JasonCameron,
1,JasonDavies,
1,JasonHeld,
1,JasonHobbs,
1,JasonHoos,
1,JasonParrott,
1,JasonYan,
1,JavierBuzzi,
1,JavierMatosOdut,
1,JavierRojas,
1,Jay,
1,JayLeadbetter,
1,JayWineinger,
1,JayanthaGumballi,
1,JaydenKneller,
1,Jean-LouisFuchs,
1,Jean-MichelVourgère,
1,JeffreyYancey,
1,JensPage,
1,JensDiemer,
1,Jeremy,
1,JeremyCowgar,
1,JeremyKerr,
1,JeremyNauta,
1,JerinPeterGeorge,
1,JernejKos,
1,JeroBado,
1,JeroenvanVeen,
1,JeromeLeclanche,
1,JerrodMartin,
1,JesperOlsson,
1,Jibodeah,
1,JigneshKotadiya,
1,JimBailey,
1,JimNicholls,
1,JimXie,
1,JimmySong,
1,JinankJain,
1,JingbeiLi,
1,JiriKr,
1,JirkaSchäfer,
1,JirkaVejrazka,
1,Jkhall81,
1,Jkrzy,
1,JochemOosterveen,
1,JoeArthur,
1,JoeBorg,
1,JoeFriedl,
1,JoeJackson,
1,JoeSimpson,
1,JoelBohman,
1,JoelFarthing,
1,JohanCharpentier,
1,JohanLübcke,
1,JohanSchiff,
1,JohananOppongAmoateng,
1,Johanan-Ayadata,
1,JohannesAmmon,
1,JohannesLinke,
1,JohannesWestphal,
1,JohannesWilm,
1,John,
1,JohnD'Ambrosio,
1,JohnGiannelos,
1,JohnHensley,
1,JohnHiggins,
1,JohnHollingsworth,
1,JohnKarahalis,
1,JohnVandenberg,
1,JohnWhitlock,
1,JohnWhitman,
1,John-MarkBell,
1,JonPrindiville,
1,JonWalsh,
1,JonLoy,
1,JonahBishop,
1,JonasDegrave,
1,JonasGastal,
1,JonatanAlexisAnauati,
1,JonatanHeyman,
1,JonatasC.Damasceno,
1,JonathanDavis,
1,JonathanLindén,
1,JonathanLoy,
1,JonathanRichards,
1,JonathanSlenders,
1,JonathanStröbele,
1,JonathanWeth,
1,JonesAmbrosi,
1,JoonHwan김준환,
1,JoonasHäkkinen,
1,JoostRijneveld,
1,JopReyntjes,
1,JordiCastells,
1,JordiYeh,
1,JorgeBarataGonzález,
1,JoseCarlosMenezes,
1,JoseL.Patino,
1,JosefRousek,
1,JosephDougherty,
1,JosephGordon,
1,JosephKahn,
1,JosephLin,
1,JoséMoreira,
1,JoshMize,
1,JoshSoref,
1,Joshua"jag"Ginsberg,
1,JoséTomásTocino,
1,JozefKnaperek,
1,JoãoLuizLorencetti,
1,JoãoSampaio,
1,JoãoSilva,
1,JuanAlvarez,
1,JuanJoséConti,
1,JuanPabloMallarino,
1,JuanRiaza,
1,JuergenSchackmann,
1,JulenRuizAizpuru,
1,JuliaAntokhine,
1,JuliaMatsieva,
1,JulianAndrews,
1,JulianWachholz,
1,JulieRymer,
1,JulienHartmann,
1,JulienPalard,
1,JulienRebetez,
1,JunKiYoon,
1,JuneHyeonBae,
1,JunyiJiao,
1,Junyoung,
1,JureCuhalev,
1,JustinCaratzas,
1,JustinThurman,
1,JustinTurnerArthur,
1,JustinTArthur,
1,JustineAlexandraRobertsTunney,
1,JánosRoden,
1,JörgBreitbart,
1,JürnoAder,
1,KHMANJUNATH,
1,KUANHsuan-Tso,
1,KacperWolkiewicz,
1,KalSze,
1,KalebElwert,
1,Kamil,
1,KamilBraun,
1,KamranMackey,
1,Kanza,
1,KapilBansal,
1,KapilGarg,
1,Karmen,
1,KarolDuleba,
1,KarthikeyanSingaravelan,
1,KasparsSprogis,
1,KasunHerath,
1,KateBerry,
1,KatherineMichel,
1,KaushikChintam,
1,KeesHink,
1,KelechiPreciousNwachukwu,
1,KellyHogan,
1,KelvinAdigwu,
1,KenBolton,
1,KenialLee,
1,KennethKam,
1,KennethLove,
1,KennethSchnall,
1,KennethVeldman,
1,KennyRachuonyo,
1,KentHauser,
1,KeshavKumar,
1,KevinGrinberg,
1,KevinMcCarthy,
1,KevinNdung'u,
1,KevinWood,
1,KholidFuadi,
1,KhudyakovArtem,
1,KimDoHyeon,
1,KimYeongbin,
1,KimSiaSim,
1,KimberleyLawrence,
1,KirillFomichev,
1,KirillSafronov,
1,KirillZaitsev,
1,KitLaTouche,
1,KlemensMantzos,
1,KoenDeWit,
1,KonstantinKoroviev,
1,Koo,
1,KoseiKitahara,
1,KrisAvi,
1,KrishnaKumarThanki,
1,KrisjanisVaiders,
1,KristianGlass,
1,KrzysztofJagiello,
1,KrzysztofNazarewski,
1,KrzysztofŻuraw,
1,KshithijIyer,
1,Kudz,
1,Kwist,
1,KyleFuller,
1,L,
1,LBerrocal,
1,LachlanMusicman,
1,LanceGoyke,
1,LangTran,
1,LarryO'Neill,
1,Laura,
1,LauraFeier,
1,LaurenceMercer,
1,LaurensVerhoeven,
1,Laurent,
1,LaurentLyaudet,
1,LaurentPeuch,
1,LauriTirkkonen,
1,LászlóKárolyi,
1,LeandroRegueiro,
1,LeandrodeSouza,
1,LeeSanghyuck,
1,LeeHanYeong,
1,LemuelStaAna,
1,LennartRegebro,
1,LeoSuarez,
1,LeonidPodriz,
1,LeviPayne,
1,LewisCowles,
1,Lh4cKg,
1,LiamBrenner,
1,LiavKoren,
1,LieRyan,
1,LightDiscord,
1,LincolnSmith,
1,LincolnPuzey,
1,LinusLewandowski,
1,LiyangZhang,
1,LizLemon,
1,LoicRaucy,
1,LouHuang,
1,LouisFill,
1,LouiseGrandjonc,
1,LovasBence,
1,LuanPablo,
1,LucaAllulli,
1,LucaFerroni,
1,LucasLois,
1,LucianUrsu,
1,LudovicDelaveau,
1,LuisSanPablo,
1,LuisVisintini,
1,LukasHetzenecker,
1,LukasKlein,
1,LukaszWiecek,
1,Luke,
1,LukeCousins,
1,LukeMurphy,
1,MNasimulHaque,
1,MAHANTH-wq,
1,Maarten,
1,MaartenBreddels,
1,MaazBinTahirSaeed,
1,MaciejJaworski,
1,MadalinPopa,
1,MahendraYadav,
1,MaikHoepfel,
1,MajidVaghari,
1,MalteGerth,
1,ManaiaJunior,
1,Manan,
1,ManelClos,
1,ManishRastogi,
1,MansurAliKoroglu,
1,ManuelWeitzman,
1,MarSánchez,
1,Marc,
1,MarcAymerich,
1,MarcNeuwirth,
1,MarcPicaud,
1,MarcSeguíColl,
1,MarcSibson,
1,Marc-AurèleBrothier,
1,MarcinMarkiewicz,
1,MarcinNowak,
1,MarcoButtu,
1,MarcoFucci,
1,MarcoMarra,
1,MarcoRichetta,
1,MarcoSantamaria,
1,MarcosVivesDelSol,
1,MarcusPennington,
1,MariKiev,
1,Mariatta,
1,MarioMunoz,
1,MariosZindilis,
1,MarissaZhou,
1,Mark,
1,MarkBailey,
1,MarkEvans,
1,MarkHenwood,
1,MarkHuang,
1,MarkSandstrom,
1,MarkStriemer,
1,MarkYoung,
1,MarkoBenko,
1,MarkusGerards,
1,MarkusZapke-Gründemann,
1,MarnanelThurman,
1,MartSõmermaa,
1,MarteyDodoo,
1,MartijnJacobs,
1,MartijnVermaat,
1,MartinSvoboda,
1,MartinThoma,
1,MartinvonGagern,
1,MaryaBelanger,
1,MateuszHaligowski,
1,MateuszWięckowski,
1,MathewPayne,
1,MathiasAndre,
1,MathiasAndré,
1,MathieuHinderyckx,
1,MathieuPillard,
1,MathieuRichardoz,
1,Matt,
1,MattAustin,
1,MattBrewer,
1,MattC,
1,MattHooks,
1,MattLauber,
1,MatteoVitali,
1,MatthewCrowson,
1,MatthewPower,
1,MatthewWood,
1,MatthiasErll,
1,MatthiasK,
1,MattiPohjanvirta,
1,MattiaCattarinussi,
1,MattiaLarentis,
1,MaxSmolens,
1,MaxVizard,
1,MaximBeder,
1,MaximKurnikov,
1,MaximNovikov,
1,MaximPetrov,
1,MaximZemskov,
1,MaximeToussaint,
1,MaximilianMerz,
1,Maximiliano,
1,MayankSinghal,
1,MehdiPourfar,
1,MelCollins,
1,MelissaLewis,
1,MerikeSell,
1,MerrinMacleod,
1,Meta,
1,Meysam,
1,MiaBajić,
1,MicePápai,
1,MichaelBlume,
1,MichaelBrown,
1,MichaelDiBernardo,
1,MichaelFarrell,
1,MichaelGaller,
1,MichaelJWalsh,
1,MichaelJohnson,
1,MichaelK,
1,MichaelKiros,
1,MichaelKäufl,
1,MichaelLelyakin,
1,MichaelLissner,
1,MichaelMulholland,
1,MichaelNewman,
1,MichaelSanders,
1,MichaelSinov,
1,MichaelTänzer,
1,MichaelvanTellingen,
1,MichailChatzis,
1,MichalPrusek,
1,MichałLech,
1,MichelAlexandreSalim,
1,MicheleMazzucchi,
1,Miguel,
1,MiguelPiedrafita,
1,MihailMilushev,
1,MiikkaSalminen,
1,MikeCrute,
1,MikeFiedler,
1,MikeVasiliou,
1,MikeYumatov,
1,MikeYusko,
1,MikeyAriel,
1,MikhailGolubev,
1,MikhailNacharov,
1,MikhailPorokhovnichenko,
1,MikolajRybinski,
1,MikulášPoul,
1,MilanBroum,
1,MiltonMazzarri,
1,MinRK,
1,MinchinWeb,
1,MingQin,
1,MingunPak,
1,MitchDavis,
1,MitchelHumpherys,
1,MitchellKotler,
1,Mitchina,
1,MoeinBbp,
1,MohamedKaram,
1,MohammadAlsakhawy,
1,MohammadEsmaeilbeygi,
1,MohammadKazemi,
1,MohammadSalehi,
1,MohammadYameen,
1,MohammadrezaEskandari,
1,MohammadrezaVarasteh,
1,MohammadtaherAbbasi,
1,MohammedAttia,
1,MohammedY.Alnajdi,
1,MohitSinghSinsniwal,
1,MorganWahl,
1,Moritz,
1,MoritzDuchêne,
1,MoriyoshiKoizumi,
1,MosheNahmias,
1,MossonAndrew,
1,MotiejusJakštys,
1,Mounir,
1,Msvstl,
1,MuhammadHammad,
1,MuhammadN.Fadhil,
1,MushtaqAli,
1,MuthiahAnnamalai,
1,MuzafferCikay,
1,MykWillis,
1,MykolaNicholas,
1,MárioFalcão,
1,MártonSalomváry,
1,MärtHäkkinen,
1,NOTHING,
1,NadjaDeininger,
1,NanLiu,
1,Nanami,
1,NathanielConroy,
1,NaumanTariq,
1,NavedKhan,
1,NedBatchelder,
1,NeilLyons,
1,Nerl~,
1,NguyenYou,
1,NiallDalton,
1,NiccolòMineo,
1,NicholasChammas,
1,NicholasSerra,
1,Nick,
1,NickMalakhov,
1,NickMavrakis,
1,NickPresta,
1,NickSarbicki,
1,NickSweeting,
1,NickWilliams,
1,NickZaccardi,
1,NicolaJordan,
1,NicolaasHeyning,
1,NicolasBaccelli,
1,NicolasIppolito,
1,NicolasRestrepo,
1,NicolòIntrieri,
1,NielsKouwenhoven,
1,NikitaMarchant,
1,NiloCésarTeixeira,
1,NilsVANZUIJLEN,
1,NimeshGhelani,
1,NimraAftab,
1,NinadKulkarni,
1,Noam,
1,Nuno,
1,NunoMaltez,
1,Octowl,
1,Offby-OneKenobi,
1,OguzhanAkan,
1,OlaSendecka,
1,OleLaursen,
1,Oleg,
1,OlegKainov,
1,OlegSverdlov,
1,OlehMykytiuk,
1,OliverABristow,
1,OliverBeattie,
1,OliverGeorge,
1,OliverMeinusch,
1,OlivierSels,
1,OmkarKulkarni,
1,OndrejKolimar,
1,OndrejSika,
1,Opa-,
1,OrhanHirsch,
1,OscarEsgalha,
1,OscarRamirez,
1,OwenT.Heisler,
1,P.A.SCHEMBRI,
1,PREMANAND,
1,PabloBengoechea,
1,PabloGarcía,
1,PabloMartín,
1,PabloMontepagano,
1,PabloPissi,
1,PabloSanfilippo,
1,Pablousse,
1,Pakal,
1,PamelaFox,
1,PamelaMcA'Nulty,
1,PanDango,
1,Pankrat,
1,ParthPatil,
1,PatGarcia,
1,PatOnTheBack,
1,PatrickBeeson,
1,PatrickJenkins,
1,PatrickMichaud,
1,PatrickRauscher,
1,PatrickRobertson,
1,PatrickSeebauer,
1,PatrikLundin,
1,Paul,
1,PaulBailey,
1,PaulBrown,
1,PaulC.Anagnostopoulos,
1,PaulCollins,
1,PaulDonohue,
1,PaulGanssle,
1,PaulGrau,
1,PaulJStevens,
1,PaulRentschler,
1,PaulSchilling,
1,PaulTax,
1,PaulTiplady,
1,PaulWayper,
1,PauloPoiati,
1,PavelKarateev,
1,PavelLysak,
1,PavelRybintsev,
1,PavelShpilev,
1,PavelSutyrin,
1,PavloKapyshin,
1,PawełKołodziej,
1,PawełZarębski,
1,PerryRoper,
1,PetarNetev,
1,PeterAndersen,
1,PeterBittner,
1,PeterDeVita,
1,PeterKowalczyk,
1,PeterMarheine,
1,PeterRuszel,
1,PeterSagerson,
1,PeterThomassen,
1,PeterWischer,
1,PetrDlouhý,
1,PetrČermák,
1,PetterReinholdtsen,
1,PhilBazun,
1,PhilElson,
1,PhilGyford,
1,PhilJones,
1,PhilTysoe,
1,PhilipLiberato,
1,PhrydRhys,
1,PiersStorey,
1,PindiAlbert,
1,PiotrDomanski,
1,PiotrPawlaczek,
1,Pradeek,
1,Prakhar,
1,PrashantPandey,
1,PratyushMittal,
1,PreethamNosum,
1,PremAnandLakshmanan,
1,PremkumarChalmeti,
1,Priy,
1,Priya,
1,PrzemekLewandowski,
1,PrzemysławBuczkowski,
1,PsiloCybin,
1,PēterisCaune,
1,QQ喵,
1,QiZhao,
1,QuentinAgren,
1,QuentinFulsher,
1,QuentinPradet,
1,R3turnz,
1,RabahSaadi,
1,RafalStozek,
1,RafałSelewońko,
1,RafikDraoui,
1,RajivMakhijani,
1,RalphBroenink,
1,RalphReid,
1,RamonMoraes,
1,RaphaS,
1,RaphaelJasjukaitis,
1,RaphaëlBarrois,
1,RasmusMagnell,
1,RasmusWriedtLarsen,
1,RaúlCumplido,
1,RavindarSharma,
1,RayAshman,
1,RaymondHettinger,
1,RaymondNunez,
1,RazvanAndreiIonescu,
1,RazziAbuissa,
1,RaúlCumplido,
1,RaúlPedroFernandesSantos,
1,RedouaneZait,
1,RemcoKranenburg,
1,RemcoWendt,
1,RenatoPedigoni,
1,RenaudParent,
1,Resulkary,
1,RetoAebersold,
1,RezaMohammadi,
1,RichardBarrell,
1,RichardCampen,
1,RichardCornish,
1,RichardLaager,
1,RichardMitchell,
1,RichardMorrison,
1,RichardOlsson,
1,RichardOyudo,
1,RichardXia,
1,RickHutcheson,
1,RigobertoVillalta,
1,Rikki,
1,RileyStrong,
1,RishiJoshi,
1,RitikSoni,
1,RobGolding-Day,
1,RobHudson,
1,RobertCoup,
1,RobertRollins,
1,RobertRoskam,
1,RobertStapenhurst,
1,RobertAKARobin,
1,RobertoRosario,
1,RobinRamael,
1,Rodolfo,
1,RodrigoPinheiroMarquesdeAraújo,
1,RogerErens,
1,RogerGammans,
1,RogérioYokomizo,
1,RolandGeider,
1,RolfJagerman,
1,RomainB.,
1,Roman,
1,RomanHaritonov,
1,RomanSelivanov,
1,RomuloFurtado,
1,RonnievandenCrommenacker,
1,RonnyV.,
1,RonnyVedrilla,
1,RosanaRufer,
1,RossBrunton,
1,RoySmith,
1,RoyZheng,
1,RoyZwambag,
1,RustamKashapov,
1,RyanCastner,
1,RyanChausse,
1,RyanHall,
1,RyanJSchave,
1,RyanO’Hara,
1,RyanPetrello,
1,RyanRubin,
1,RyanVerner,
1,RyanWest,
1,Ryanwalker277,
1,RyujiTsutsui,
1,RémyHUBSCHER,
1,RémySanchez,
1,Saad,
1,SagarMittal,
1,Sam,
1,SamCollins,
1,SamMorrow,
1,SamReynolds,
1,SamThursfield,
1,SamToyer,
1,SamiJ.Lehtinen,
1,SamuelColvin,
1,SamuelCormier-Iijima,
1,SamuelGaist,
1,SamuelHartmann,
1,SamuelPaccoud,
1,SamuelSutch,
1,SanderSmits,
1,SanderBeekhuis,
1,SandroCovo,
1,Sankalp,
1,SanketSaurav,
1,SanskarJaiswal,
1,SantiagoBasulto,
1,SaraHeins,
1,SarahGuermond,
1,SaschaPeilicke,
1,SashaPachev,
1,SauliusŽemaitaitis,
1,SaúlIbarraCorretgé,
1,ScotHacker,
1,Scott,
1,ScottCranfill,
1,ScottFitsimones,
1,ScottHalgrim,
1,ScottKlein,
1,ScottMacpherson,
1,ScottSexton,
1,ScottVitale,
1,SeamusQuinn,
1,SeanBreant,
1,SeanMarlow,
1,SebastianSassi,
1,SebastianSpiegel,
1,SebastiánMagrí,
1,SemenZhydenko,
1,Senthil,
1,SeohongPark,
1,SeonghyeonCho,
1,SerafeimPapastefanos,
1,SergBobrovsky,
1,SergeG.Spaolonzi,
1,SergeyParkhomenko,
1,SergeyYurchenko,
1,Sergio,
1,SergioOliveira,
1,SethHill,
1,SeunghunLee,
1,Sfurti-yb,
1,Shamil,
1,ShashankParekh,
1,ShawnDong,
1,ShingenPizza,
1,ShivamDurgbuns,
1,ShivangBharadwaj,
1,ShubhamBhagat,
1,SiFeng,
1,Sicong,
1,SimeonJMorgan,
1,SimeonVisser,
1,SimonKern,
1,SimonKerr,
1,SimonLitchfield,
1,SimonSawicki,
1,SimonTörnqvist,
1,SirenityK,
1,SiteshShrivastava,
1,SjoerdLangkemper,
1,SlavaSkvortsov,
1,Snow_Poijio,
1,Someoneece,
1,SongJunho,
1,SorchaBowler,
1,SotaTabu,
1,StandaOpichal,
1,StanislavVolyk,
1,StasRudakou,
1,Stefan"hr"Berder,
1,StefanKjartansson,
1,StefanSinca,
1,StefanhrBerder,
1,StefanoChiodino,
1,StefanoRivera,
1,StefanosI.Tsaklidis,
1,StephaneAngel(Twidi),
1,Stephen,
1,StephenBrown,
1,StephenFinucane,
1,StephenKelly,
1,StephenPaulger,
1,StephenRauch,
1,SteveHiemstra,
1,Steven,
1,StevenDeMartini,
1,StevenMaude,
1,StevenPousty,
1,StewartPark,
1,Stéphane"Twidi"Angel,
1,SubhavGautam,
1,SubhrajyotiSen,
1,SudhanshuMishra,
1,SuriyaaKudo,
1,SusanWright,
1,SutrisnoEfendi,
1,SvenEngström,
1,SvenGrunewaldt,
1,Swann,
1,Swat009,
1,SyedSajjadHussainShah,
1,SyedWaheed,
1,Sztrovacsek,
1,SébastienCorbin,
1,SławomirEhlert,
1,TN,
1,T.Franzel,
1,TAKAHASHIShuuji,
1,TMFGravyHands,
1,TaaviTeska,
1,TahaJahangir,
1,TaishiEndo,
1,TakuyaNoguchi,
1,TamasSzabo,
1,TamerSherif,
1,TanmayVijay,
1,TannerStirrat,
1,Taoufik,
1,Taranjeet,
1,TarjeiHusøy,
1,TaylorEdmiston,
1,TeresaPartida,
1,ThejaswiPuthraya,
1,TheodorosIkonomou,
1,TheofanisDespoudis,
1,ThijsvanDien,
1,ThinkChaos,
1,ThngKaiYuan,
1,ThodorisSotiropoulos,
1,ThomWiggers,
1,Thomas,
1,ThomasAglassinger,
1,ThomasAllison,
1,ThomasBartelmess,
1,ThomasGuettler,
1,ThomasKhyn,
1,ThomasRiccardi,
1,ThomasSchmidt,
1,ThomasSchorr,
1,ThomasStephenson,
1,ThomasinaLee,
1,TiagoHonorato,
1,TiborLeupold,
1,Tilak,
1,TillmannKarras,
1,TilmanKoschnick,
1,TilmannBecker,
1,TimAllen,
1,TimFiedler,
1,TimGarner,
1,TimOsborn,
1,TimRichardson,
1,TimSaylor,
1,TimSchaffer,
1,TimSchneider,
1,TimShaffer,
1,TimoLudwig,
1,TobiasCarlander,
1,TobiasKroenke,
1,ToivoMattila,
1,TomAtkins,
1,TomFifield,
1,TomHacohen,
1,TomMortimer-Jones,
1,TomScholl,
1,TomSparrow,
1,TomTerrace,
1,TomWojcik,
1,TomV,
1,TomasPazderka,
1,TomaszAnielak,
1,TomaszJaskowski,
1,TomaszKontusz,
1,TomeCvitan,
1,TommyAllen,
1,TomoOtsuka,
1,TonyLechner,
1,TonyZhu,
1,ToreLundqvist,
1,TravisJensen,
1,Troon,
1,Tsering,
1,Tushar,
1,TusharBhatia,
1,TusharMalik,
1,TylerBall,
1,TylerGarner,
1,UmanShahzad,
1,Uri,
1,UrielCorfa,
1,UttamKini,
1,VaclavEhrlich,
1,ValNeekman,
1,Valz,
1,Valze,
1,VasilisAggelou,
1,VasiliyBolshakov,
1,VasiliyIvanov,
1,VašekDohnal,
1,VebjornLjosa,
1,VedranKaračić,
1,VeresLajos,
1,VesteinnSnaebjarnarson,
1,Victor,
1,VictorMoura,
1,VictorPeralta,
1,VictorSowa,
1,VikashSingh,
1,ViktorDanyliuk,
1,ViktorGarske,
1,ViktorGrabov,
1,VilliersStrauss,
1,VincentPoulailleau,
1,VincentZhang,
1,VinkoMlačić,
1,VinnyDo,
1,VinodKurup,
1,VishnuKs,
1,VitaliyYelnik,
1,VitalyBogomolov,
1,Vitor[Bux]baum,
1,VladStarostin,
1,VladimirAFilonov,
1,VladimirKochetkov,
1,VladimirRutsky,
1,VladimírMacek,
1,VyacheslavDmitriev,
1,WaldemarKornewald,
1,WalterDoekes,
1,WangDongxiao,
1,WarrenSmith,
1,WassefBenAhmed,
1,WayneLambert,
1,WilTan,
1,WilhelmKlopp,
1,WillAyd,
1,WillEarp,
1,WillKoster,
1,WilleMarcel,
1,WilliamHayes,
1,WilliamsMendez,
1,WillyNjundong,
1,Windsooon,
1,WoLpH,
1,WojciechBanaś,
1,XDEv11,
1,XarothBrook,
1,XavierFrancisco,
1,XiangZhang,
1,YQ,
1,YahyaAli,
1,YairChuchem,
1,YangLiu,
1,YannSionneau,
1,YaroslavHalchenko,
1,YaserAmiri,
1,YashJhunjhunwala,
1,Yashas,
1,YazhongLiu,
1,YehonatanDaniv,
1,YitzhakClark,
1,YogyaChugh,
1,YohannGabory,
1,YooInKeun,
1,YosukeYasuda,
1,YoungYang,
1,YuekuiLi,
1,YuichiFujikawa,
1,YuriKaszubowskiLopes,
1,YuriKriachko,
1,YuryV.Zaytsev,
1,YvesWeissig,
1,Zac-HD,
1,ZachGarwood,
1,ZachWernberg,
1,ZackaryTroop,
1,ZainPatel,
1,Zapelini,
1,Zeilentaucher,
1,ZeyadMoustafaKamal,
1,ZeynelÖzdemir,
1,ZoltanGyarmati,
1,ZowieBeha,
1,a1tus,
1,a8568730,
1,aaktsipetrov,
1,acemaster,
1,acrefoot,
1,adamb70,
1,adamth,
1,aditya.chaudhary1558@gmail.com,
1,adontz,
1,africaitcase,
1,ahbk,
1,ahmadekhalili,
1,aitoehigie,
1,akoskaaa,
1,albertoconnor,
1,alexanderblnf,
1,ali,
1,alix-,
1,alvinshaita,
1,amalia,
1,amansharma612,
1,amatellanes,
1,amirsoroush,
1,amureki,
1,ana-balica,
1,anatolytechtonik,
1,andreage,
1,andredelorme,
1,andrewdotn,
1,andymatthews,
1,anna,
1,antoinehumbert,
1,arachnegl,
1,arcanemachine,
1,argaen,
1,aroche,
1,arsalan.ghassemi,
1,aryabartar,
1,atsuoishimoto,
1,auvipy,
1,avas9366,
1,averybigant,
1,bahoo,
1,bakabiko,
1,baldychristophe,
1,bankc,
1,bbjay,
1,bc500,
1,bcail,
1,bcye,
1,bedilbek,
1,bee_keeper,
1,bellisk,
1,benebsiny,
1,bgaechter,
1,birthdaysgift,
1,bmsleight,
1,boaz85@gmail.com,
1,bobort,
1,bquinn,
1,brian,
1,btknu,
1,buzzi,
1,c-bata,
1,cammil,
1,canhuynh1998,
1,chemary,
1,chenesan,
1,chetan22,
1,chex,
1,chomik,
1,chriscauley,
1,chrishna1,
1,christa,
1,crccheck,
1,cuinix,
1,d9pouces,
1,danger,
1,daniponi,
1,danieltatraivertis,
1,daphshez,
1,dariusBERNARD,
1,david,
1,davidolz,
1,dbogar89,
1,deby,
1,dennisvang,
1,desigrammer,
1,devin13cox,
1,dizballanze,
1,djendrju,
1,dmytryi.striletskyi,
1,dokgeppo,
1,dpwrussell,
1,drd0013,
1,duranbe,
1,dustinlharrison,
1,dzhuang,
1,earthyoung,
1,ecogels,
1,ejstronge,
1,ekinertac,
1,elena,
1,enprava,
1,excursus,
1,exploit19,
1,fabrizioettoremessina,
1,faishalmanzar,
1,fako,
1,farhan,
1,ferhatelmas,
1,flh,
1,foresmac,
1,fowczrek,
1,fschwebel,
1,gabn88,
1,geekodour,
1,girishramnani,
1,girishkumarkh,
1,github-user-en,
1,gnl,
1,gowthamk63,
1,gtleee,
1,gunchleoc,
1,gyx1000,
1,haileyajohnson,
1,harikrishnakanchi,
1,haxoza,
1,hayashi,
1,hb6h057,
1,heathervm,
1,hekevintran,
1,heshamhatem,
1,homm,
1,ifedapoolarewaju,
1,ijl,
1,ilu_vatar_,
1,infosrabah,
1,j0hnsmith,
1,jakul,
1,jamesmikedupont,
1,jannh,
1,jannschu,
1,japrogramer,
1,jasisz,
1,jason_bruce,
1,jay20162016,
1,jaywelborn,
1,jblang94,
1,jburns6789,
1,jedidiah,
1,jer,
1,jerrydumblauskas,
1,jhisham,
1,jibreel,
1,jktravis,
1,jmk,
1,jnns,
1,jnothman,
1,joaoxsouls,
1,jochemfranken,
1,johannes-gehrs,
1,johannes.linke,
1,jordan.bae,
1,jordanbae,
1,jordij,
1,jorgecarleitao,
1,joshuapatel,
1,jrabbit,
1,jsals1,
1,juanpex,
1,k,
1,kakulukia,
1,kappataumu,
1,kbehlers,
1,khanxmetu,
1,kimbo,
1,kimsoungryoul,
1,kjpc-tech,
1,koffi,
1,kola-er,
1,konsti,
1,ksg,
1,ksg97031,
1,kshitijraghav,
1,kshivakumar,
1,kspi,
1,lampslave,
1,laserhyena,
1,latyas(懒),
1,lb1c,
1,ldeluigi,
1,ldrumm,
1,leollon,
1,leondaz,
1,likecodingloveproblems,
1,lobziik,
1,lstaana,
1,lucas-r-oliveira,
1,lukasz.wojcik,
1,luz.paz,
1,mackong,
1,maddrum,
1,mangelozzi,
1,marcperrinoptel,
1,markhellewell,
1,mark-summerfield,
1,martonbognar,
1,marysia,
1,mattferrante,
1,maurizio,
1,mbacho,
1,mbcodes,
1,mcgeeco,
1,mdalp,
1,meghanabhange,
1,melipone,
1,mguegnol,
1,micahhausler,
1,michaldabski,
1,mick,
1,mieciu,
1,miigotu,
1,mitnk,
1,mpachas,
1,mpaolini,
1,msaelices,
1,msg,
1,muskanvaswan,
1,navneetsuman,
1,niauah,
1,nik258heda,
1,nmhung89,
1,nmundar,
1,noFFENSE,
1,nsasaki128,
1,ntuckovic,
1,olivierdalang,
1,orblivion,
1,oromero,
1,ovkulkarni,
1,oz123,
1,p0lygun,
1,pablo,
1,parth,
1,partizan,
1,patjouk,
1,pegler,
1,peterfarrell,
1,petr.prikryl,
1,pieterck,
1,pmisteli,
1,pochangl,
1,postrational,
1,premanandlakshmanan,
1,pscottdevos,
1,pythonwood,
1,qimingmafan,
1,quaspas,
1,r0Zh-ovanya,
1,r3a96,
1,raffaella,
1,rafrafek,
1,rajdesai24,
1,rajeeshp,
1,ramast,
1,ramez,
1,raratiru,
1,reficul31,
1,rharri,
1,rico-ci,
1,risicle,
1,roboslone,
1,robwa,
1,roman_p,
1,rowanv,
1,rroskam,
1,ruchit2801,
1,russkel,
1,ryabtsev,
1,rynomster,
1,ryowright,
1,safu9,
1,sag​e,
1,sanchjat,
1,sandjio,
1,saschalalala,
1,savanto,
1,sdeprez,
1,sdwoodbury,
1,sean_c_hsu,
1,seanfagan,
1,seanwestfall,
1,sebashwa,
1,sedrubal,
1,select-case,
1,seungkwon,
1,shankarj67,
1,shaunagm,
1,shepdl,
1,shiblystory,
1,shiningfm,
1,shinriyo,
1,shivamsharma,
1,shivaramkumar,
1,siddhartha-star-dev,
1,sindre,
1,skidipap,
1,slollo,
1,smallcode,
1,sp1rs,
1,stefan.ivic,
1,steve,
1,syedwaheed,
1,syre,
1,takaakishimbo,
1,tapangujjar,
1,taulant,
1,terminator14,
1,therealrinku,
1,thomazzo,
1,ticalcster,
1,tk,
1,toan,
1,tomhamiltonstubber,
1,touhf,
1,trontelj,
1,umairmehmood,
1,ume,
1,vagrant,
1,vanschelven,
1,varunnaganathan,
1,vavanade,
1,velis74,
1,vgolubev,
1,virgitl.io,
1,vkuzma,
1,vvojvoda,
1,vytisb,
1,weijunji,
1,wiktorkuchta,
1,willzhao,
1,wingstonsharon,
1,winkidney,
1,wtkm11,
1,xncbf,
1,xuxiang,
1,yakimka,
1,yatami38,
1,yishaibeeri,
1,yokomizor,
1,yujin,
1,yukihira1992,
1,yura,
1,yushanfans2233,
1,yyyyyyyan,
1,zauddelig,
1,zhangyangyu,
1,zhongqi,
1,zhuanyenan,
1,zriv,
1,zshimanchik,
1,zyegfryed,
1,ÁlvaroPelegrinaFernández,
1,ÅkeForslund,
1,Çağıl,
1,ÇağılUluşahin,
1,ÉtienneBERSAC,
1,ÉtienneBeaulé,
1,ÜlgenSarıkavak,
1,şuayipüzülmez,
1,БорисВерховский,
1,ВладимирЛысенко,
1,СадовскийНиколай,
1,אורי,
1,い。,
1,葛汉斌,
1,非法操作,
1,신우진,
